,id,name,email,designation
0,1,Alice Johnson,alice@example.com,Software Engineer
1,2,Bob Smith,bob@example.com,Project Manager
2,3,Catherine Davis,catherine@example.com,HR Manager
3,4,David Lee,david@example.com,Data Analyst
4,5,Eva Martinez,eva@example.com,IT Specialist
5,6,Frank Wilson,frank@example.com,Software Engineer
6,7,Grace Thompson,grace@example.com,Project Manager
7,8,Harry Brown,harry@example.com,HR Manager
8,9,Isabella Moore,isabella@example.com,Data Analyst
9,10,Jack White,jack@example.com,IT Specialist
10,11,Karen Green,karen@example.com,Software Engineer
11,12,Liam Carter,liam@example.com,Project Manager
12,13,Mia Phillips,mia@example.com,HR Manager
13,14,Noah Evans,noah@example.com,Data Analyst
14,15,Olivia Taylor,olivia@example.com,IT Specialist
15,16,Paul Harris,paul@example.com,Software Engineer
16,17,Quincy Brooks,quincy@example.com,Project Manager
17,18,Rachel Wood,rachel@example.com,HR Manager
18,19,Sam Walker,sam@example.com,Data Analyst
19,20,Tina Edwards,tina@example.com,IT Specialist
20,21,Uma Perez,uma@example.com,Software Engineer
21,22,Victor Kelly,victor@example.com,Project Manager
22,23,Wendy Morgan,wendy@example.com,HR Manager
23,24,Xander Hill,xander@example.com,Data Analyst
24,25,Yvonne Cooper,yvonne@example.com,IT Specialist
